'assy'<Model>,''<Group>,''gearbox<Instance>,
'assy'<Model>,''<Group>,''gearbox<Instance>,
'assy'<Model>,''<Group>,''hub_side<Instance>,
'assy'<Model>,''<Group>,''hub_side<Instance>,
'assy'<Model>,''<Group>,''motor<Instance>,
'assy'<Model>,''<Group>,''motor<Instance>,
'assy'<Model>,''<Group>,''mount_plate<Instance>,
'assy'<Model>,''<Group>,''mount_plate<Instance>,
'assy'<Model>,''<Group>,''nipple_side<Instance>,
'assy'<Model>,''<Group>,''nipple_side<Instance>,
'assy'<Model>,''HF_10_inch_caster<Instance>,
'assy'<Model>,''HF_10_inch_caster<Instance>,
'assy'<Model>,''HF_10_inch_wheel<Instance>,
'assy'<Model>,''HF_10_inch_wheel<Instance>,
'assy'<Model>,''STEEL_1X1X15<Instance>,
'assy'<Model>,''STEEL_1X1X15<Instance>,
'assy'<Model>,''STEEL_1x1_45degree<Instance>,
'assy'<Model>,''STEEL_1x1_45degree<Instance>,
'assy'<Model>,''axle_bolt<Instance>,
'assy'<Model>,''axle_bolt<Instance>,
'assy'<Model>,''axle_mount<Instance>,
'assy'<Model>,''axle_mount<Instance>,
'assy'<Model>,''axle_mount<Instance>,
'assy'<Model>,''axle_mount<Instance>,
'assy'<Model>,''blade<Instance>,
'assy'<Model>,''drive_hub_b<Instance>,
'assy'<Model>,''drive_hub_b<Instance>,
'assy'<Model>,''steel_.5x.5x12<Instance>,
'assy'<Model>,''steel_.5x.5x12<Instance>,
'assy'<Model>,''steel_.5x.5x15<Instance>,
'assy'<Model>,''steel_.5x.5x15<Instance>,
'assy'<Model>,''steel_.5x.5x15<Instance>,
'assy'<Model>,''steel_.5x.5x15<Instance>,
'assy'<Model>,''steel_.5x.5x3<Instance>,
'assy'<Model>,''steel_.5x.5x3<Instance>,
'assy'<Model>,''steel_.5x.5x_2.5"<Instance>,
'assy'<Model>,''steel_.5x.5x_2.5"<Instance>,
'assy'<Model>,''steel_.5x.5x_2.5"<Instance>,
'assy'<Model>,''steel_.5x.5x_2.5"<Instance>,
'assy'<Model>,''steel_.5x.5x_2.5"<Instance>,
'assy'<Model>,''steel_.5x.5x_2.5"<Instance>,
'assy'<Model>,''steel_.5x.5x_2.5"<Instance>,
'assy'<Model>,''steel_.5x.5x_2.5"<Instance>,
'assy'<Model>,''steel_.5x.5x_2.5"<Instance>,
'assy'<Model>,''steel_.5x.5x_2.5"<Instance>,
'assy'<Model>,''steel_12"#1<Instance>,
'assy'<Model>,''steel_12"#1<Instance>,
'assy'<Model>,''steel_12"<Instance>,
'assy'<Model>,''steel_12"<Instance>,
'assy'<Model>,''steel_1x1_top_rail<Instance>,
'assy'<Model>,''steel_1x1_top_rail<Instance>,
'assy'<Model>,''steel_1x1x12<Instance>,
'assy'<Model>,''steel_1x1x12<Instance>,
'assy'<Model>,''steel_1x1x17<Instance>,
'assy'<Model>,''tongue<Instance>,
'assy'<Model>,''window_motor_R<Instance>,
'assy'<Model>,''window_motor_R<Instance>,
'assy'<Model>,'HF_10_inch_caster'<Definition>,''hub_side<Instance>,
'assy'<Model>,'HF_10_inch_caster'<Definition>,''hub_side<Instance>,
'assy'<Model>,'HF_10_inch_caster'<Definition>,''hub_side<Instance>,
'assy'<Model>,'HF_10_inch_caster'<Definition>,''hub_side<Instance>,
'assy'<Model>,'HF_10_inch_wheel'<Definition>,''<Group>,
'assy'<Model>,'HF_10_inch_wheel'<Definition>,''<Group>,
'assy'<Model>,'window_motor_R'<Definition>,''<Group>,
'assy'<Model>,'window_motor_R'<Definition>,''<Group>,
